,available_supply,id,market_cap_usd,name,rank,symbol,last_price_btc,max_price_btc,mean_price_btc,median_price_btc,std_price_btc,min_price_btc,first_price_btc,last_price_usd,max_price_usd,mean_price_usd,median_price_usd,std_price_usd,min_price_usd,first_price_usd,last_percent_change_1h,max_percent_change_1h,mean_percent_change_1h,median_percent_change_1h,std_percent_change_1h,min_percent_change_1h,first_percent_change_1h,last_percent_change_7d,max_percent_change_7d,mean_percent_change_7d,median_percent_change_7d,std_percent_change_7d,min_percent_change_7d,first_percent_change_7d,last_volume_24h_usd,max_volume_24h_usd,mean_volume_24h_usd,median_volume_24h_usd,std_volume_24h_usd,min_volume_24h_usd,first_volume_24h_usd,last_percent_change_24h,max_percent_change_24h,mean_percent_change_24h,median_percent_change_24h,std_percent_change_24h,min_percent_change_24h,first_percent_change_24h,last_max_supply,max_max_supply,mean_max_supply,median_max_supply,std_max_supply,min_max_supply,first_max_supply,last_total_supply,max_total_supply,mean_total_supply,median_total_supply,std_total_supply,min_total_supply,first_total_supply,date,active_assets,active_currencies,active_markets,total_24h_volume_usd,total_market_cap_usd,percent_currency_market_cap_usd
0,16887612.0,bitcoin,174628040647.0,Bitcoin,1,BTC,1.0,1.0,1.0,1.0,,1.0,1.0,10340.6,10340.6,10340.6,10340.6,,10340.6,10340.6,1.43,1.43,1.43,1.43,,1.43,1.43,-6.51,-6.51,-6.51,-6.51,,-6.51,-6.51,7014280000.0,7014280000.0,7014280000.0,7014280000.0,,7014280000.0,7014280000.0,8.35,8.35,8.35,8.35,,8.35,8.35,21000000.0,21000000.0,21000000.0,21000000.0,,21000000.0,21000000.0,16887612.0,16887612.0,16887612.0,16887612.0,,16887612.0,16887612.0,2018-02-26 14:00:00,585,903,8718,18289577372.0,452000474217.0,38.63448173356632
1,97856099.0,ethereum,86063264632.0,Ethereum,2,ETH,0.0857015,0.0857015,0.0857015,0.0857015,,0.0857015,0.0857015,879.488,879.488,879.488,879.488,,879.488,879.488,0.1,0.1,0.1,0.1,,0.1,0.1,-7.35,-7.35,-7.35,-7.35,,-7.35,-7.35,1923850000.0,1923850000.0,1923850000.0,1923850000.0,,1923850000.0,1923850000.0,6.07,6.07,6.07,6.07,,6.07,6.07,,,,,,,,97856099.0,97856099.0,97856099.0,97856099.0,,97856099.0,97856099.0,2018-02-26 14:00:00,585,903,8718,18289577372.0,452000474217.0,19.040525296148708
2,39094802192.0,ripple,37574366240.0,Ripple,3,XRP,9.365e-05,9.365e-05,9.365e-05,9.365e-05,,9.365e-05,9.365e-05,0.961109,0.961109,0.961109,0.961109,,0.961109,0.961109,0.45,0.45,0.45,0.45,,0.45,0.45,-16.39,-16.39,-16.39,-16.39,,-16.39,-16.39,451207000.0,451207000.0,451207000.0,451207000.0,,451207000.0,451207000.0,3.61,3.61,3.61,3.61,,3.61,3.61,100000000000.0,100000000000.0,100000000000.0,100000000000.0,,100000000000.0,100000000000.0,99992622540.0,99992622540.0,99992622540.0,99992622540.0,,99992622540.0,99992622540.0,2018-02-26 14:00:00,585,903,8718,18289577372.0,452000474217.0,8.312904163450279
3,16988525.0,bitcoin-cash,21528028765.0,Bitcoin Cash,4,BCH,0.123483,0.123483,0.123483,0.123483,,0.123483,0.123483,1267.21,1267.21,1267.21,1267.21,,1267.21,1267.21,1.38,1.38,1.38,1.38,,1.38,1.38,-17.36,-17.36,-17.36,-17.36,,-17.36,-17.36,486052000.0,486052000.0,486052000.0,486052000.0,,486052000.0,486052000.0,9.33,9.33,9.33,9.33,,9.33,9.33,21000000.0,21000000.0,21000000.0,21000000.0,,21000000.0,21000000.0,16988525.0,16988525.0,16988525.0,16988525.0,,16988525.0,16988525.0,2018-02-26 14:00:00,585,903,8718,18289577372.0,452000474217.0,4.76283322540601
4,55388608.0,litecoin,12552277157.0,Litecoin,5,LTC,0.0220831,0.0220831,0.0220831,0.0220831,,0.0220831,0.0220831,226.622,226.622,226.622,226.622,,226.622,226.622,-1.18,-1.18,-1.18,-1.18,,-1.18,-1.18,0.86,0.86,0.86,0.86,,0.86,0.86,1428740000.0,1428740000.0,1428740000.0,1428740000.0,,1428740000.0,1428740000.0,8.3,8.3,8.3,8.3,,8.3,8.3,84000000.0,84000000.0,84000000.0,84000000.0,,84000000.0,84000000.0,55388608.0,55388608.0,55388608.0,55388608.0,,55388608.0,55388608.0,2018-02-26 14:00:00,585,903,8718,18289577372.0,452000474217.0,2.7770495548139187
5,65000000.0,neo,8694400000.0,NEO,6,NEO,0.0130342,0.0130342,0.0130342,0.0130342,,0.0130342,0.0130342,133.76,133.76,133.76,133.76,,133.76,133.76,-1.91,-1.91,-1.91,-1.91,,-1.91,-1.91,-1.61,-1.61,-1.61,-1.61,,-1.61,-1.61,313370000.0,313370000.0,313370000.0,313370000.0,,313370000.0,313370000.0,15.37,15.37,15.37,15.37,,15.37,15.37,,,,,,,,100000000.0,100000000.0,100000000.0,100000000.0,,100000000.0,100000000.0,2018-02-26 14:00:00,585,903,8718,18289577372.0,452000474217.0,1.9235378049240548
6,25927070538.0,cardano,8694383834.0,Cardano,7,ADA,3.268e-05,3.268e-05,3.268e-05,3.268e-05,,3.268e-05,3.268e-05,0.33534,0.33534,0.33534,0.33534,,0.33534,0.33534,0.37,0.37,0.37,0.37,,0.37,0.37,-14.49,-14.49,-14.49,-14.49,,-14.49,-14.49,303597000.0,303597000.0,303597000.0,303597000.0,,303597000.0,303597000.0,5.16,5.16,5.16,5.16,,5.16,5.16,45000000000.0,45000000000.0,45000000000.0,45000000000.0,,45000000000.0,45000000000.0,31112483745.0,31112483745.0,31112483745.0,31112483745.0,,31112483745.0,31112483745.0,2018-02-26 14:00:00,585,903,8718,18289577372.0,452000474217.0,1.9235342283791346
7,18467832630.0,stellar,6788202772.0,Stellar,8,XLM,3.582e-05,3.582e-05,3.582e-05,3.582e-05,,3.582e-05,3.582e-05,0.367569,0.367569,0.367569,0.367569,,0.367569,0.367569,0.41,0.41,0.41,0.41,,0.41,0.41,-19.55,-19.55,-19.55,-19.55,,-19.55,-19.55,53114900.0,53114900.0,53114900.0,53114900.0,,53114900.0,53114900.0,6.47,6.47,6.47,6.47,,6.47,6.47,,,,,,,,103708899665.0,103708899665.0,103708899665.0,103708899665.0,,103708899665.0,103708899665.0,2018-02-26 14:00:00,585,903,8718,18289577372.0,452000474217.0,1.501813196935069
8,694354627.0,eos,5721280766.0,EOS,9,EOS,0.00080292,0.00080292,0.00080292,0.00080292,,0.00080292,0.00080292,8.23971,8.23971,8.23971,8.23971,,8.23971,8.23971,0.79,0.79,0.79,0.79,,0.79,0.79,-15.09,-15.09,-15.09,-15.09,,-15.09,-15.09,245384000.0,245384000.0,245384000.0,245384000.0,,245384000.0,245384000.0,5.7,5.7,5.7,5.7,,5.7,5.7,1000000000.0,1000000000.0,1000000000.0,1000000000.0,,1000000000.0,1000000000.0,900000000.0,900000000.0,900000000.0,900000000.0,,900000000.0,900000000.0,2018-02-26 14:00:00,585,903,8718,18289577372.0,452000474217.0,1.2657687529888038
9,2779530283.0,iota,5272685561.0,IOTA,10,MIOTA,0.00018485,0.00018485,0.00018485,0.00018485,,0.00018485,0.00018485,1.89697,1.89697,1.89697,1.89697,,1.89697,1.89697,0.7,0.7,0.7,0.7,,0.7,0.7,-10.07,-10.07,-10.07,-10.07,,-10.07,-10.07,52179000.0,52179000.0,52179000.0,52179000.0,,52179000.0,52179000.0,2.46,2.46,2.46,2.46,,2.46,2.46,2779530283.0,2779530283.0,2779530283.0,2779530283.0,,2779530283.0,2779530283.0,2779530283.0,2779530283.0,2779530283.0,2779530283.0,,2779530283.0,2779530283.0,2018-02-26 14:00:00,585,903,8718,18289577372.0,452000474217.0,1.1665221303437499
10,7907444.0,dash,4939140020.0,Dash,11,DASH,0.0608658,0.0608658,0.0608658,0.0608658,,0.0608658,0.0608658,624.619,624.619,624.619,624.619,,624.619,624.619,1.01,1.01,1.01,1.01,,1.01,1.01,-13.16,-13.16,-13.16,-13.16,,-13.16,-13.16,74282400.0,74282400.0,74282400.0,74282400.0,,74282400.0,74282400.0,7.18,7.18,7.18,7.18,,7.18,7.18,18900000.0,18900000.0,18900000.0,18900000.0,,18900000.0,18900000.0,7907444.0,7907444.0,7907444.0,7907444.0,,7907444.0,7907444.0,2018-02-26 14:00:00,585,903,8718,18289577372.0,452000474217.0,1.0927289464808787
11,15765034.0,monero,4583053129.0,Monero,12,XMR,0.0283281,0.0283281,0.0283281,0.0283281,,0.0283281,0.0283281,290.71,290.71,290.71,290.71,,290.71,290.71,0.92,0.92,0.92,0.92,,0.92,0.92,-7.55,-7.55,-7.55,-7.55,,-7.55,-7.55,52949700.0,52949700.0,52949700.0,52949700.0,,52949700.0,52949700.0,7.77,7.77,7.77,7.77,,7.77,7.77,,,,,,,,15765034.0,15765034.0,15765034.0,15765034.0,,15765034.0,15765034.0,2018-02-26 14:00:00,585,903,8718,18289577372.0,452000474217.0,1.0139487435138688
12,100134785.0,ethereum-classic,3600446329.0,Ethereum Classic,13,ETC,0.00350372,0.00350372,0.00350372,0.00350372,,0.00350372,0.00350372,35.956,35.956,35.956,35.956,,35.956,35.956,-0.94,-0.94,-0.94,-0.94,,-0.94,-0.94,-7.42,-7.42,-7.42,-7.42,,-7.42,-7.42,660787000.0,660787000.0,660787000.0,660787000.0,,660787000.0,660787000.0,1.32,1.32,1.32,1.32,,1.32,1.32,,,,,,,,100134785.0,100134785.0,100134785.0,100134785.0,,100134785.0,100134785.0,2018-02-26 14:00:00,585,903,8718,18289577372.0,452000474217.0,0.7965580866341014
13,8999999999.0,nem,3592908000.0,NEM,14,XEM,3.89e-05,3.89e-05,3.89e-05,3.89e-05,,3.89e-05,3.89e-05,0.399212,0.399212,0.399212,0.399212,,0.399212,0.399212,-0.02,-0.02,-0.02,-0.02,,-0.02,-0.02,-24.67,-24.67,-24.67,-24.67,,-24.67,-24.67,19932300.0,19932300.0,19932300.0,19932300.0,,19932300.0,19932300.0,3.15,3.15,3.15,3.15,,3.15,3.15,,,,,,,,8999999999.0,8999999999.0,8999999999.0,8999999999.0,,8999999999.0,8999999999.0,2018-02-26 14:00:00,585,903,8718,18289577372.0,452000474217.0,0.794890316481192
14,65748192475.0,tron,2801852648.0,TRON,15,TRX,4.15e-06,4.15e-06,4.15e-06,4.15e-06,,4.15e-06,4.15e-06,0.0426149,0.0426149,0.0426149,0.0426149,,0.0426149,0.0426149,2.74,2.74,2.74,2.74,,2.74,2.74,-17.94,-17.94,-17.94,-17.94,,-17.94,-17.94,189858000.0,189858000.0,189858000.0,189858000.0,,189858000.0,189858000.0,7.29,7.29,7.29,7.29,,7.29,7.29,,,,,,,,100000000000.0,100000000000.0,100000000000.0,100000000000.0,,100000000000.0,100000000000.0,2018-02-26 14:00:00,585,903,8718,18289577372.0,452000474217.0,0.6198782540778628
15,475347275.0,vechain,2655014177.0,VeChain,16,VEN,0.00054427,0.00054427,0.00054427,0.00054427,,0.00054427,0.00054427,5.58542,5.58542,5.58542,5.58542,,5.58542,5.58542,-1.47,-1.47,-1.47,-1.47,,-1.47,-1.47,-9.12,-9.12,-9.12,-9.12,,-9.12,-9.12,166529000.0,166529000.0,166529000.0,166529000.0,,166529000.0,166529000.0,-1.03,-1.03,-1.03,-1.03,,-1.03,-1.03,,,,,,,,873378637.0,873378637.0,873378637.0,873378637.0,,873378637.0,873378637.0,2018-02-26 14:00:00,585,903,8718,18289577372.0,452000474217.0,0.5873919007716261
16,2217140814.0,tether,2218005498.0,Tether,17,USDT,9.748e-05,9.748e-05,9.748e-05,9.748e-05,,9.748e-05,9.748e-05,1.00039,1.00039,1.00039,1.00039,,1.00039,1.00039,-0.12,-0.12,-0.12,-0.12,,-0.12,-0.12,-0.03,-0.03,-0.03,-0.03,,-0.03,-0.03,2311470000.0,2311470000.0,2311470000.0,2311470000.0,,2311470000.0,2311470000.0,-0.17,-0.17,-0.17,-0.17,,-0.17,-0.17,,,,,,,,2280109970.0,2280109970.0,2280109970.0,2280109970.0,,2280109970.0,2280109970.0,2018-02-26 14:00:00,585,903,8718,18289577372.0,452000474217.0,0.49070866614515146
17,73909868.0,qtum,2212602763.0,Qtum,18,QTUM,0.00291716,0.00291716,0.00291716,0.00291716,,0.00291716,0.00291716,29.9365,29.9365,29.9365,29.9365,,29.9365,29.9365,3.75,3.75,3.75,3.75,,3.75,3.75,-8.23,-8.23,-8.23,-8.23,,-8.23,-8.23,249308000.0,249308000.0,249308000.0,249308000.0,,249308000.0,249308000.0,18.5,18.5,18.5,18.5,,18.5,18.5,,,,,,,,100409868.0,100409868.0,100409868.0,100409868.0,,100409868.0,100409868.0,2018-02-26 14:00:00,585,903,8718,18289577372.0,452000474217.0,0.48951337204521517
18,102255700.0,lisk,2131458715.0,Lisk,19,LSK,0.00203118,0.00203118,0.00203118,0.00203118,,0.00203118,0.00203118,20.8444,20.8444,20.8444,20.8444,,20.8444,20.8444,1.15,1.15,1.15,1.15,,1.15,1.15,-30.76,-30.76,-30.76,-30.76,,-30.76,-30.76,44715700.0,44715700.0,44715700.0,44715700.0,,44715700.0,44715700.0,4.73,4.73,4.73,4.73,,4.73,4.73,,,,,,,,118472480.0,118472480.0,118472480.0,118472480.0,,118472480.0,118472480.0,2018-02-26 14:00:00,585,903,8718,18289577372.0,452000474217.0,0.47156116787096825
19,16847886.0,bitcoin-gold,2005471273.0,Bitcoin Gold,20,BTG,0.0115993,0.0115993,0.0115993,0.0115993,,0.0115993,0.0115993,119.034,119.034,119.034,119.034,,119.034,119.034,0.09,0.09,0.09,0.09,,0.09,0.09,-13.59,-13.59,-13.59,-13.59,,-13.59,-13.59,23885900.0,23885900.0,23885900.0,23885900.0,,23885900.0,23885900.0,4.27,4.27,4.27,4.27,,4.27,4.27,21000000.0,21000000.0,21000000.0,21000000.0,,21000000.0,21000000.0,16947886.0,16947886.0,16947886.0,16947886.0,,16947886.0,16947886.0,2018-02-26 14:00:00,585,903,8718,18289577372.0,452000474217.0,0.44368786923820736
20,133248289.0,nano,1820971120.0,Nano,21,NANO,0.00133168,0.00133168,0.00133168,0.00133168,,0.00133168,0.00133168,13.666,13.666,13.666,13.666,,13.666,13.666,7.2,7.2,7.2,7.2,,7.2,7.2,54.41,54.41,54.41,54.41,,54.41,54.41,127381000.0,127381000.0,127381000.0,127381000.0,,127381000.0,127381000.0,21.5,21.5,21.5,21.5,,21.5,21.5,133248290.0,133248290.0,133248290.0,133248290.0,,133248290.0,133248290.0,133248289.0,133248289.0,133248289.0,133248289.0,,133248289.0,133248289.0,2018-02-26 14:00:00,585,903,8718,18289577372.0,452000474217.0,0.4028692941427698
21,102042552.0,omisego,1787601830.0,OmiseGO,22,OMG,0.00170706,0.00170706,0.00170706,0.00170706,,0.00170706,0.00170706,17.5182,17.5182,17.5182,17.5182,,17.5182,17.5182,0.8,0.8,0.8,0.8,,0.8,0.8,-2.54,-2.54,-2.54,-2.54,,-2.54,-2.54,34005000.0,34005000.0,34005000.0,34005000.0,,34005000.0,34005000.0,6.02,6.02,6.02,6.02,,6.02,6.02,,,,,,,,140245398.0,140245398.0,140245398.0,140245398.0,,140245398.0,140245398.0,2018-02-26 14:00:00,585,903,8718,18289577372.0,452000474217.0,0.3954867156050358
22,386442514.0,icon,1577651563.0,ICON,23,ICX,0.00039782,0.00039782,0.00039782,0.00039782,,0.00039782,0.00039782,4.0825,4.0825,4.0825,4.0825,,4.0825,4.0825,-1.19,-1.19,-1.19,-1.19,,-1.19,-1.19,-15.32,-15.32,-15.32,-15.32,,-15.32,-15.32,59066800.0,59066800.0,59066800.0,59066800.0,,59066800.0,59066800.0,10.49,10.49,10.49,10.49,,10.49,10.49,,,,,,,,400230000.0,400230000.0,400230000.0,400230000.0,,400230000.0,400230000.0,2018-02-26 14:00:00,585,903,8718,18289577372.0,452000474217.0,0.34903759022221476
23,3363306.0,zcash,1379416335.0,Zcash,24,ZEC,0.0399657,0.0399657,0.0399657,0.0399657,,0.0399657,0.0399657,410.137,410.137,410.137,410.137,,410.137,410.137,-0.57,-0.57,-0.57,-0.57,,-0.57,-0.57,-14.1,-14.1,-14.1,-14.1,,-14.1,-14.1,59743600.0,59743600.0,59743600.0,59743600.0,,59743600.0,59743600.0,6.19,6.19,6.19,6.19,,6.19,6.19,,,,,,,,3363306.0,3363306.0,3363306.0,3363306.0,,3363306.0,3363306.0,2018-02-26 14:00:00,585,903,8718,18289577372.0,452000474217.0,0.3051802849077895
24,99014000.0,binance-coin,986336872.0,Binance Coin,25,BNB,0.0009707,0.0009707,0.0009707,0.0009707,,0.0009707,0.0009707,9.96159,9.96159,9.96159,9.96159,,9.96159,9.96159,1.06,1.06,1.06,1.06,,1.06,1.06,-10.14,-10.14,-10.14,-10.14,,-10.14,-10.14,56916200.0,56916200.0,56916200.0,56916200.0,,56916200.0,56916200.0,9.8,9.8,9.8,9.8,,9.8,9.8,,,,,,,,197192382.0,197192382.0,197192382.0,197192382.0,,197192382.0,197192382.0,2018-02-26 14:00:00,585,903,8718,18289577372.0,452000474217.0,0.21821589318211013
25,14642967602.0,verge,921930026.0,Verge,26,XVG,6.14e-06,6.14e-06,6.14e-06,6.14e-06,,6.14e-06,6.14e-06,0.0629606,0.0629606,0.0629606,0.0629606,,0.0629606,0.0629606,4.44,4.44,4.44,4.44,,4.44,4.44,-22.16,-22.16,-22.16,-22.16,,-22.16,-22.16,19417700.0,19417700.0,19417700.0,19417700.0,,19417700.0,19417700.0,10.79,10.79,10.79,10.79,,10.79,10.79,16555000000.0,16555000000.0,16555000000.0,16555000000.0,,16555000000.0,16555000000.0,14642967602.0,14642967602.0,14642967602.0,14642967602.0,,14642967602.0,14642967602.0,2018-02-26 14:00:00,585,903,8718,18289577372.0,452000474217.0,0.20396660591939833
26,183750801471.0,bytecoin-bcn,891424751.0,Bytecoin,27,BCN,4.7e-07,4.7e-07,4.7e-07,4.7e-07,,4.7e-07,4.7e-07,0.00485127,0.00485127,0.00485127,0.00485127,,0.00485127,0.00485127,1.2,1.2,1.2,1.2,,1.2,1.2,-17.03,-17.03,-17.03,-17.03,,-17.03,-17.03,756344.0,756344.0,756344.0,756344.0,,756344.0,756344.0,8.75,8.75,8.75,8.75,,8.75,8.75,184470000000.0,184470000000.0,184470000000.0,184470000000.0,,184470000000.0,184470000000.0,183750801471.0,183750801471.0,183750801471.0,183750801471.0,,183750801471.0,183750801471.0,2018-02-26 14:00:00,585,903,8718,18289577372.0,452000474217.0,0.19721765835405689
27,250613120.0,steem,886478754.0,Steem,28,STEEM,0.00034469,0.00034469,0.00034469,0.00034469,,0.00034469,0.00034469,3.53724,3.53724,3.53724,3.53724,,3.53724,3.53724,0.18,0.18,0.18,0.18,,0.18,0.18,-19.47,-19.47,-19.47,-19.47,,-19.47,-19.47,5124330.0,5124330.0,5124330.0,5124330.0,,5124330.0,5124330.0,4.53,4.53,4.53,4.53,,4.53,4.53,,,,,,,,267587214.0,267587214.0,267587214.0,267587214.0,,267587214.0,267587214.0,2018-02-26 14:00:00,585,903,8718,18289577372.0,452000474217.0,0.19612341237819414
28,2000000.0,digixdao,829000000.0,DigixDAO,29,DGD,0.0403909,0.0403909,0.0403909,0.0403909,,0.0403909,0.0403909,414.5,414.5,414.5,414.5,,414.5,414.5,-0.32,-0.32,-0.32,-0.32,,-0.32,-0.32,40.09,40.09,40.09,40.09,,40.09,40.09,70256800.0,70256800.0,70256800.0,70256800.0,,70256800.0,70256800.0,16.75,16.75,16.75,16.75,,16.75,16.75,,,,,,,,2000000.0,2000000.0,2000000.0,2000000.0,,2000000.0,2000000.0,2018-02-26 14:00:00,585,903,8718,18289577372.0,452000474217.0,0.18340688722419504
29,37004027.0,populous,807612887.0,Populous,30,PPT,0.00212673,0.00212673,0.00212673,0.00212673,,0.00212673,0.00212673,21.825,21.825,21.825,21.825,,21.825,21.825,1.46,1.46,1.46,1.46,,1.46,1.46,-22.23,-22.23,-22.23,-22.23,,-22.23,-22.23,2640170.0,2640170.0,2640170.0,2640170.0,,2640170.0,2640170.0,3.98,3.98,3.98,3.98,,3.98,3.98,53252246.0,53252246.0,53252246.0,53252246.0,,53252246.0,53252246.0,53252246.0,53252246.0,53252246.0,53252246.0,,53252246.0,53252246.0,2018-02-26 14:00:00,585,903,8718,18289577372.0,452000474217.0,0.17867523002028418
30,98755792.0,stratis,740756334.0,Stratis,31,STRAT,0.00073092,0.00073092,0.00073092,0.00073092,,0.00073092,0.00073092,7.50089,7.50089,7.50089,7.50089,,7.50089,7.50089,-0.35,-0.35,-0.35,-0.35,,-0.35,-0.35,-22.26,-22.26,-22.26,-22.26,,-22.26,-22.26,8065220.0,8065220.0,8065220.0,8065220.0,,8065220.0,8065220.0,3.46,3.46,3.46,3.46,,3.46,3.46,,,,,,,,98755792.0,98755792.0,98755792.0,98755792.0,,98755792.0,98755792.0,2018-02-26 14:00:00,585,903,8718,18289577372.0,452000474217.0,0.1638839727509604
31,113363657722.0,dogecoin,731694392.0,Dogecoin,32,DOGE,6.3e-07,6.3e-07,6.3e-07,6.3e-07,,6.3e-07,6.3e-07,0.0064544,0.0064544,0.0064544,0.0064544,,0.0064544,0.0064544,0.59,0.59,0.59,0.59,,0.59,0.59,-5.54,-5.54,-5.54,-5.54,,-5.54,-5.54,12655900.0,12655900.0,12655900.0,12655900.0,,12655900.0,12655900.0,5.84,5.84,5.84,5.84,,5.84,5.84,,,,,,,,113363657722.0,113363657722.0,113363657722.0,113363657722.0,,113363657722.0,113363657722.0,2018-02-26 14:00:00,585,903,8718,18289577372.0,452000474217.0,0.16187912042957775
32,32740014245.0,siacoin,730288936.0,Siacoin,33,SC,2.17e-06,2.17e-06,2.17e-06,2.17e-06,,2.17e-06,2.17e-06,0.0223057,0.0223057,0.0223057,0.0223057,,0.0223057,0.0223057,1.29,1.29,1.29,1.29,,1.29,1.29,-22.66,-22.66,-22.66,-22.66,,-22.66,-22.66,10555000.0,10555000.0,10555000.0,10555000.0,,10555000.0,10555000.0,8.25,8.25,8.25,8.25,,8.25,8.25,,,,,,,,32740014245.0,32740014245.0,32740014245.0,32740014245.0,,32740014245.0,32740014245.0,2018-02-26 14:00:00,585,903,8718,18289577372.0,452000474217.0,0.16156817916288227
33,359399272.0,rchain,719682667.0,RChain,34,RHOC,0.00019513,0.00019513,0.00019513,0.00019513,,0.00019513,0.00019513,2.00246,2.00246,2.00246,2.00246,,2.00246,2.00246,-0.02,-0.02,-0.02,-0.02,,-0.02,-0.02,-12.94,-12.94,-12.94,-12.94,,-12.94,-12.94,457859.0,457859.0,457859.0,457859.0,,457859.0,457859.0,9.1,9.1,9.1,9.1,,9.1,9.1,1000000000.0,1000000000.0,1000000000.0,1000000000.0,,1000000000.0,1000000000.0,870663574.0,870663574.0,870663574.0,870663574.0,,870663574.0,870663574.0,2018-02-26 14:00:00,585,903,8718,18289577372.0,452000474217.0,0.15922166193447154
34,100000000.0,waves,679915000.0,Waves,35,WAVES,0.00066254,0.00066254,0.00066254,0.00066254,,0.00066254,0.00066254,6.79915,6.79915,6.79915,6.79915,,6.79915,6.79915,0.18,0.18,0.18,0.18,,0.18,0.18,-15.66,-15.66,-15.66,-15.66,,-15.66,-15.66,20579900.0,20579900.0,20579900.0,20579900.0,,20579900.0,20579900.0,6.12,6.12,6.12,6.12,,6.12,6.12,,,,,,,,100000000.0,100000000.0,100000000.0,100000000.0,,100000000.0,100000000.0,2018-02-26 14:00:00,585,903,8718,18289577372.0,452000474217.0,0.15042351474914184
35,618228.0,maker,649497731.0,Maker,36,MKR,0.102374,0.102374,0.102374,0.102374,,0.102374,0.102374,1050.58,1050.58,1050.58,1050.58,,1050.58,1050.58,0.05,0.05,0.05,0.05,,0.05,0.05,-8.23,-8.23,-8.23,-8.23,,-8.23,-8.23,598176.0,598176.0,598176.0,598176.0,,598176.0,598176.0,7.78,7.78,7.78,7.78,,7.78,7.78,,,,,,,,1000000.0,1000000.0,1000000.0,1000000.0,,1000000.0,1000000.0,2018-02-26 14:00:00,585,903,8718,18289577372.0,452000474217.0,0.14369403751735532
36,3470483788.0,status,620196276.0,Status,37,SNT,1.741e-05,1.741e-05,1.741e-05,1.741e-05,,1.741e-05,1.741e-05,0.178706,0.178706,0.178706,0.178706,,0.178706,0.178706,-0.43,-0.43,-0.43,-0.43,,-0.43,-0.43,-19.41,-19.41,-19.41,-19.41,,-19.41,-19.41,33791600.0,33791600.0,33791600.0,33791600.0,,33791600.0,33791600.0,3.92,3.92,3.92,3.92,,3.92,3.92,,,,,,,,6804870174.0,6804870174.0,6804870174.0,6804870174.0,,6804870174.0,6804870174.0,2018-02-26 14:00:00,585,903,8718,18289577372.0,452000474217.0,0.1372114215309985
37,2609330000.0,bitshares,580638549.0,BitShares,38,BTS,2.168e-05,2.168e-05,2.168e-05,2.168e-05,,2.168e-05,2.168e-05,0.222524,0.222524,0.222524,0.222524,,0.222524,0.222524,0.37,0.37,0.37,0.37,,0.37,0.37,-17.53,-17.53,-17.53,-17.53,,-17.53,-17.53,7086630.0,7086630.0,7086630.0,7086630.0,,7086630.0,7086630.0,4.93,4.93,4.93,4.93,,4.93,4.93,3600570502.0,3600570502.0,3600570502.0,3600570502.0,,3600570502.0,3600570502.0,2609330000.0,2609330000.0,2609330000.0,2609330000.0,,2609330000.0,2609330000.0,2018-02-26 14:00:00,585,903,8718,18289577372.0,452000474217.0,0.12845972119959378
38,24898178.0,waltonchain,550593329.0,Waltonchain,39,WTC,0.00215487,0.00215487,0.00215487,0.00215487,,0.00215487,0.00215487,22.1138,22.1138,22.1138,22.1138,,22.1138,22.1138,0.02,0.02,0.02,0.02,,0.02,0.02,-13.58,-13.58,-13.58,-13.58,,-13.58,-13.58,8661630.0,8661630.0,8661630.0,8661630.0,,8661630.0,8661630.0,2.76,2.76,2.76,2.76,,2.76,2.76,100000000.0,100000000.0,100000000.0,100000000.0,,100000000.0,100000000.0,70000000.0,70000000.0,70000000.0,70000000.0,,70000000.0,70000000.0,2018-02-26 14:00:00,585,903,8718,18289577372.0,452000474217.0,0.12181255560711353
39,6269056940.0,electroneum,529466369.0,Electroneum,40,ETN,8.23e-06,8.23e-06,8.23e-06,8.23e-06,,8.23e-06,8.23e-06,0.0844571,0.0844571,0.0844571,0.0844571,,0.0844571,0.0844571,1.06,1.06,1.06,1.06,,1.06,1.06,-2.41,-2.41,-2.41,-2.41,,-2.41,-2.41,5156800.0,5156800.0,5156800.0,5156800.0,,5156800.0,5156800.0,9.62,9.62,9.62,9.62,,9.62,9.62,21000000000.0,21000000000.0,21000000000.0,21000000000.0,,21000000000.0,21000000000.0,6269056940.0,6269056940.0,6269056940.0,6269056940.0,,6269056940.0,6269056940.0,2018-02-26 14:00:00,585,903,8718,18289577372.0,452000474217.0,0.11713845431626904
40,2036645.0,veritaseum,528654094.0,Veritaseum,41,VERI,0.0252938,0.0252938,0.0252938,0.0252938,,0.0252938,0.0252938,259.571,259.571,259.571,259.571,,259.571,259.571,1.98,1.98,1.98,1.98,,1.98,1.98,-5.75,-5.75,-5.75,-5.75,,-5.75,-5.75,236406.0,236406.0,236406.0,236406.0,,236406.0,236406.0,13.77,13.77,13.77,13.77,,13.77,13.77,,,,,,,,100000000.0,100000000.0,100000000.0,100000000.0,,100000000.0,100000000.0,2018-02-26 14:00:00,585,903,8718,18289577372.0,452000474217.0,0.1169587476464017
41,233020472.0,aeternity,524752782.0,Aeternity,42,AE,0.00021944,0.00021944,0.00021944,0.00021944,,0.00021944,0.00021944,2.25196,2.25196,2.25196,2.25196,,2.25196,2.25196,1.98,1.98,1.98,1.98,,1.98,1.98,-15.8,-15.8,-15.8,-15.8,,-15.8,-15.8,3749890.0,3749890.0,3749890.0,3749890.0,,3749890.0,3749890.0,4.59,4.59,4.59,4.59,,4.59,4.59,,,,,,,,273685830.0,273685830.0,273685830.0,273685830.0,,273685830.0,273685830.0,2018-02-26 14:00:00,585,903,8718,18289577372.0,452000474217.0,0.11609562642805381
42,513812714.0,0x,517424817.0,0x,43,ZRX,9.813e-05,9.813e-05,9.813e-05,9.813e-05,,9.813e-05,9.813e-05,1.00703,1.00703,1.00703,1.00703,,1.00703,1.00703,1.43,1.43,1.43,1.43,,1.43,1.43,-15.74,-15.74,-15.74,-15.74,,-15.74,-15.74,10324000.0,10324000.0,10324000.0,10324000.0,,10324000.0,10324000.0,4.45,4.45,4.45,4.45,,4.45,4.45,,,,,,,,1000000000.0,1000000000.0,1000000000.0,1000000000.0,,1000000000.0,1000000000.0,2018-02-26 14:00:00,585,903,8718,18289577372.0,452000474217.0,0.11447439693428077
43,6830500.0,decred,510893365.0,Decred,44,DCR,0.00728847,0.00728847,0.00728847,0.00728847,,0.00728847,0.00728847,74.7959,74.7959,74.7959,74.7959,,74.7959,74.7959,0.85,0.85,0.85,0.85,,0.85,0.85,-16.74,-16.74,-16.74,-16.74,,-16.74,-16.74,930052.0,930052.0,930052.0,930052.0,,930052.0,930052.0,5.27,5.27,5.27,5.27,,5.27,5.27,21000000.0,21000000.0,21000000.0,21000000.0,,21000000.0,21000000.0,7250500.0,7250500.0,7250500.0,7250500.0,,7250500.0,7250500.0,2018-02-26 14:00:00,585,903,8718,18289577372.0,452000474217.0,0.11302938694589205
44,11000000.0,augur,509034900.0,Augur,45,REP,0.00450935,0.00450935,0.00450935,0.00450935,,0.00450935,0.00450935,46.2759,46.2759,46.2759,46.2759,,46.2759,46.2759,-1.13,-1.13,-1.13,-1.13,,-1.13,-1.13,-14.94,-14.94,-14.94,-14.94,,-14.94,-14.94,5100050.0,5100050.0,5100050.0,5100050.0,,5100050.0,5100050.0,8.02,8.02,8.02,8.02,,8.02,8.02,,,,,,,,11000000.0,11000000.0,11000000.0,11000000.0,,11000000.0,11000000.0,2018-02-26 14:00:00,585,903,8718,18289577372.0,452000474217.0,0.11261822255425742
45,184450000.0,revain,438053994.0,Revain,46,R,0.00023142,0.00023142,0.00023142,0.00023142,,0.00023142,0.00023142,2.37492,2.37492,2.37492,2.37492,,2.37492,2.37492,0.48,0.48,0.48,0.48,,0.48,0.48,-28.28,-28.28,-28.28,-28.28,,-28.28,-28.28,20203600.0,20203600.0,20203600.0,20203600.0,,20203600.0,20203600.0,5.17,5.17,5.17,5.17,,5.17,5.17,484450000.0,484450000.0,484450000.0,484450000.0,,484450000.0,484450000.0,484450000.0,484450000.0,484450000.0,484450000.0,,484450000.0,484450000.0,2018-02-26 14:00:00,585,903,8718,18289577372.0,452000474217.0,0.0969144987643742
46,91043076.0,kucoin-shares,431835518.0,KuCoin Shares,47,KCS,0.0004622,0.0004622,0.0004622,0.0004622,,0.0004622,0.0004622,4.7432,4.7432,4.7432,4.7432,,4.7432,4.7432,2.12,2.12,2.12,2.12,,2.12,2.12,-12.02,-12.02,-12.02,-12.02,,-12.02,-12.02,1270550.0,1270550.0,1270550.0,1270550.0,,1270550.0,1270550.0,7.32,7.32,7.32,7.32,,7.32,7.32,,,,,,,,181043076.0,181043076.0,181043076.0,181043076.0,,181043076.0,181043076.0,2018-02-26 14:00:00,585,903,8718,18289577372.0,452000474217.0,0.09553873118121574
47,9796949.0,gas,426016429.0,Gas,48,GAS,0.00423735,0.00423735,0.00423735,0.00423735,,0.00423735,0.00423735,43.4846,43.4846,43.4846,43.4846,,43.4846,43.4846,1.29,1.29,1.29,1.29,,1.29,1.29,-8.28,-8.28,-8.28,-8.28,,-8.28,-8.28,6262620.0,6262620.0,6262620.0,6262620.0,,6262620.0,6262620.0,19.65,19.65,19.65,19.65,,19.65,19.65,100000000.0,100000000.0,100000000.0,100000000.0,,100000000.0,100000000.0,15727784.0,15727784.0,15727784.0,15727784.0,,15727784.0,15727784.0,2018-02-26 14:00:00,585,903,8718,18289577372.0,452000474217.0,0.09425132346110651
48,998999495.0,ardor,425722636.0,Ardor,49,ARDR,4.153e-05,4.153e-05,4.153e-05,4.153e-05,,4.153e-05,4.153e-05,0.426149,0.426149,0.426149,0.426149,,0.426149,0.426149,-0.34,-0.34,-0.34,-0.34,,-0.34,-0.34,-16.96,-16.96,-16.96,-16.96,,-16.96,-16.96,3598180.0,3598180.0,3598180.0,3598180.0,,3598180.0,3598180.0,1.9,1.9,1.9,1.9,,1.9,1.9,998999495.0,998999495.0,998999495.0,998999495.0,,998999495.0,998999495.0,998999495.0,998999495.0,998999495.0,998999495.0,,998999495.0,998999495.0,2018-02-26 14:00:00,585,903,8718,18289577372.0,452000474217.0,0.0941863250779723
49,3399850.0,zclassic,412442603.0,ZClassic,50,ZCL,0.0118212,0.0118212,0.0118212,0.0118212,,0.0118212,0.0118212,121.312,121.312,121.312,121.312,,121.312,121.312,-0.06,-0.06,-0.06,-0.06,,-0.06,-0.06,-37.8,-37.8,-37.8,-37.8,,-37.8,-37.8,19586000.0,19586000.0,19586000.0,19586000.0,,19586000.0,19586000.0,-7.3,-7.3,-7.3,-7.3,,-7.3,-7.3,21000000.0,21000000.0,21000000.0,21000000.0,,21000000.0,21000000.0,3399850.0,3399850.0,3399850.0,3399850.0,,3399850.0,3399850.0,2018-02-26 14:00:00,585,903,8718,18289577372.0,452000474217.0,0.09124826776221284
50,103730097.0,komodo,408305521.0,Komodo,51,KMD,0.00038356,0.00038356,0.00038356,0.00038356,,0.00038356,0.00038356,3.93623,3.93623,3.93623,3.93623,,3.93623,3.93623,-0.28,-0.28,-0.28,-0.28,,-0.28,-0.28,-22.28,-22.28,-22.28,-22.28,,-22.28,-22.28,1852840.0,1852840.0,1852840.0,1852840.0,,1852840.0,1852840.0,3.59,3.59,3.59,3.59,,3.59,3.59,,,,,,,,103730097.0,103730097.0,103730097.0,103730097.0,,103730097.0,103730097.0,2018-02-26 14:00:00,585,903,8718,18289577372.0,452000474217.0,0.0903329850941655
51,42671984.0,hshare,406133596.0,Hshare,52,HSR,0.00092744,0.00092744,0.00092744,0.00092744,,0.00092744,0.00092744,9.51757,9.51757,9.51757,9.51757,,9.51757,9.51757,-2.77,-2.77,-2.77,-2.77,,-2.77,-2.77,-26.61,-26.61,-26.61,-26.61,,-26.61,-26.61,76788200.0,76788200.0,76788200.0,76788200.0,,76788200.0,76788200.0,0.53,0.53,0.53,0.53,,0.53,0.53,84000000.0,84000000.0,84000000.0,84000000.0,,84000000.0,84000000.0,42671984.0,42671984.0,42671984.0,42671984.0,,42671984.0,42671984.0,2018-02-26 14:00:00,585,903,8718,18289577372.0,452000474217.0,0.08985247121776693
52,100885962.0,ark,387355687.0,Ark,53,ARK,0.00037414,0.00037414,0.00037414,0.00037414,,0.00037414,0.00037414,3.83954,3.83954,3.83954,3.83954,,3.83954,3.83954,0.52,0.52,0.52,0.52,,0.52,0.52,-18.31,-18.31,-18.31,-18.31,,-18.31,-18.31,1980200.0,1980200.0,1980200.0,1980200.0,,1980200.0,1980200.0,5.94,5.94,5.94,5.94,,5.94,5.94,,,,,,,,132135962.0,132135962.0,132135962.0,132135962.0,,132135962.0,132135962.0,2018-02-26 14:00:00,585,903,8718,18289577372.0,452000474217.0,0.08569807093034933
53,1000000000.0,basic-attention-token,365310000.0,Basic Attention Token,54,BAT,3.56e-05,3.56e-05,3.56e-05,3.56e-05,,3.56e-05,3.56e-05,0.36531,0.36531,0.36531,0.36531,,0.36531,0.36531,0.47,0.47,0.47,0.47,,0.47,0.47,-14.8,-14.8,-14.8,-14.8,,-14.8,-14.8,3226650.0,3226650.0,3226650.0,3226650.0,,3226650.0,3226650.0,3.02,3.02,3.02,3.02,,3.02,3.02,,,,,,,,1500000000.0,1500000000.0,1500000000.0,1500000000.0,,1500000000.0,1500000000.0,2018-02-26 14:00:00,585,903,8718,18289577372.0,452000474217.0,0.08082071166691278
54,561357157.0,loopring,360292496.0,Loopring,55,LRC,6.254e-05,6.254e-05,6.254e-05,6.254e-05,,6.254e-05,6.254e-05,0.641824,0.641824,0.641824,0.641824,,0.641824,0.641824,-0.08,-0.08,-0.08,-0.08,,-0.08,-0.08,-11.36,-11.36,-11.36,-11.36,,-11.36,-11.36,2298160.0,2298160.0,2298160.0,2298160.0,,2298160.0,2298160.0,3.44,3.44,3.44,3.44,,3.44,3.44,,,,,,,,1374956262.0,1374956262.0,1374956262.0,1374956262.0,,1374956262.0,1374956262.0,2018-02-26 14:00:00,585,903,8718,18289577372.0,452000474217.0,0.0797106455749044
55,6511228178.0,zilliqa,350780047.0,Zilliqa,56,ZIL,5.25e-06,5.25e-06,5.25e-06,5.25e-06,,5.25e-06,5.25e-06,0.0538731,0.0538731,0.0538731,0.0538731,,0.0538731,0.0538731,-1.18,-1.18,-1.18,-1.18,,-1.18,-1.18,-18.52,-18.52,-18.52,-18.52,,-18.52,-18.52,8370690.0,8370690.0,8370690.0,8370690.0,,8370690.0,8370690.0,7.23,7.23,7.23,7.23,,7.23,7.23,,,,,,,,12600000000.0,12600000000.0,12600000000.0,12600000000.0,,12600000000.0,12600000000.0,2018-02-26 14:00:00,585,903,8718,18289577372.0,452000474217.0,0.07760612366782489
56,9897061855.0,digibyte,347252271.0,DigiByte,57,DGB,3.42e-06,3.42e-06,3.42e-06,3.42e-06,,3.42e-06,3.42e-06,0.0350864,0.0350864,0.0350864,0.0350864,,0.0350864,0.0350864,0.62,0.62,0.62,0.62,,0.62,0.62,-21.47,-21.47,-21.47,-21.47,,-21.47,-21.47,3777130.0,3777130.0,3777130.0,3777130.0,,3777130.0,3777130.0,7.78,7.78,7.78,7.78,,7.78,7.78,21000000000.0,21000000000.0,21000000000.0,21000000000.0,,21000000000.0,21000000000.0,9897061855.0,9897061855.0,9897061855.0,9897061855.0,,9897061855.0,9897061855.0,2018-02-26 14:00:00,585,903,8718,18289577372.0,452000474217.0,0.07682564307073898
57,238421940.0,dragonchain,338735587.0,Dragonchain,58,DRGN,0.00013844,0.00013844,0.00013844,0.00013844,,0.00013844,0.00013844,1.42074,1.42074,1.42074,1.42074,,1.42074,1.42074,0.58,0.58,0.58,0.58,,0.58,0.58,-23.45,-23.45,-23.45,-23.45,,-23.45,-23.45,1555970.0,1555970.0,1555970.0,1555970.0,,1555970.0,1555970.0,7.29,7.29,7.29,7.29,,7.29,7.29,,,,,,,,433494437.0,433494437.0,433494437.0,433494437.0,,433494437.0,433494437.0,2018-02-26 14:00:00,585,903,8718,18289577372.0,452000474217.0,0.07494142292367975
58,45136435.0,cryptonex,337877811.0,Cryptonex,59,CNX,0.00072944,0.00072944,0.00072944,0.00072944,,0.00072944,0.00072944,7.4857,7.4857,7.4857,7.4857,,7.4857,7.4857,3.31,3.31,3.31,3.31,,3.31,3.31,-5.54,-5.54,-5.54,-5.54,,-5.54,-5.54,573392.0,573392.0,573392.0,573392.0,,573392.0,573392.0,48.49,48.49,48.49,48.49,,48.49,48.49,210000000.0,210000000.0,210000000.0,210000000.0,,210000000.0,210000000.0,106574061.0,106574061.0,106574061.0,106574061.0,,106574061.0,106574061.0,2018-02-26 14:00:00,585,903,8718,18289577372.0,452000474217.0,0.07475164967145342
59,531220390.0,syscoin,335355182.0,Syscoin,60,SYS,6.152e-05,6.152e-05,6.152e-05,6.152e-05,,6.152e-05,6.152e-05,0.631292,0.631292,0.631292,0.631292,,0.631292,0.631292,0.83,0.83,0.83,0.83,,0.83,0.83,-11.74,-11.74,-11.74,-11.74,,-11.74,-11.74,1854420.0,1854420.0,1854420.0,1854420.0,,1854420.0,1854420.0,14.13,14.13,14.13,14.13,,14.13,14.13,888000000.0,888000000.0,888000000.0,888000000.0,,888000000.0,888000000.0,531220390.0,531220390.0,531220390.0,531220390.0,,531220390.0,531220390.0,2018-02-26 14:00:00,585,903,8718,18289577372.0,452000474217.0,0.07419354649592691
60,987000000.0,bytom,335194083.0,Bytom,61,BTM,3.309e-05,3.309e-05,3.309e-05,3.309e-05,,3.309e-05,3.309e-05,0.339609,0.339609,0.339609,0.339609,,0.339609,0.339609,-0.18,-0.18,-0.18,-0.18,,-0.18,-0.18,-11.3,-11.3,-11.3,-11.3,,-11.3,-11.3,8216390.0,8216390.0,8216390.0,8216390.0,,8216390.0,8216390.0,5.48,5.48,5.48,5.48,,5.48,5.48,,,,,,,,1407000000.0,1407000000.0,1407000000.0,1407000000.0,,1407000000.0,1407000000.0,2018-02-26 14:00:00,585,903,8718,18289577372.0,452000474217.0,0.07415790516163868
61,834262000.0,golem-network-tokens,327743998.0,Golem,62,GNT,3.828e-05,3.828e-05,3.828e-05,3.828e-05,,3.828e-05,3.828e-05,0.392855,0.392855,0.392855,0.392855,,0.392855,0.392855,0.57,0.57,0.57,0.57,,0.57,0.57,-11.13,-11.13,-11.13,-11.13,,-11.13,-11.13,10900200.0,10900200.0,10900200.0,10900200.0,,10900200.0,10900200.0,25.94,25.94,25.94,25.94,,25.94,25.94,,,,,,,,1000000000.0,1000000000.0,1000000000.0,1000000000.0,,1000000000.0,1000000000.0,2018-02-26 14:00:00,585,903,8718,18289577372.0,452000474217.0,0.07250965799709627
62,57693200.0,monacoin,324733676.0,MonaCoin,63,MONA,0.00054848,0.00054848,0.00054848,0.00054848,,0.00054848,0.00054848,5.62863,5.62863,5.62863,5.62863,,5.62863,5.62863,1.33,1.33,1.33,1.33,,1.33,1.33,-8.85,-8.85,-8.85,-8.85,,-8.85,-8.85,3745480.0,3745480.0,3745480.0,3745480.0,,3745480.0,3745480.0,6.59,6.59,6.59,6.59,,6.59,6.59,,,,,,,,57693200.0,57693200.0,57693200.0,57693200.0,,57693200.0,57693200.0,2018-02-26 14:00:00,585,903,8718,18289577372.0,452000474217.0,0.07184365825335379
63,10614760961.0,dent,323613279.0,Dent,64,DENT,2.97e-06,2.97e-06,2.97e-06,2.97e-06,,2.97e-06,2.97e-06,0.0304871,0.0304871,0.0304871,0.0304871,,0.0304871,0.0304871,-0.11,-0.11,-0.11,-0.11,,-0.11,-0.11,20.4,20.4,20.4,20.4,,20.4,20.4,8108400.0,8108400.0,8108400.0,8108400.0,,8108400.0,8108400.0,8.55,8.55,8.55,8.55,,8.55,8.55,,,,,,,,100000000000.0,100000000000.0,100000000000.0,100000000000.0,,100000000000.0,100000000000.0,2018-02-26 14:00:00,585,903,8718,18289577372.0,452000474217.0,0.07159578307093482
64,96154303.0,aion,310797630.0,Aion,65,AION,0.00031497,0.00031497,0.00031497,0.00031497,,0.00031497,0.00031497,3.23228,3.23228,3.23228,3.23228,,3.23228,3.23228,0.4,0.4,0.4,0.4,,0.4,0.4,-14.07,-14.07,-14.07,-14.07,,-14.07,-14.07,4677730.0,4677730.0,4677730.0,4677730.0,,4677730.0,4677730.0,7.49,7.49,7.49,7.49,,7.49,7.49,,,,,,,,465934587.0,465934587.0,465934587.0,465934587.0,,465934587.0,465934587.0,2018-02-26 14:00:00,585,903,8718,18289577372.0,452000474217.0,0.06876046547039458
65,55655343.0,pivx,299868764.0,PIVX,66,PIVX,0.00052503,0.00052503,0.00052503,0.00052503,,0.00052503,0.00052503,5.38796,5.38796,5.38796,5.38796,,5.38796,5.38796,1.88,1.88,1.88,1.88,,1.88,1.88,-12.09,-12.09,-12.09,-12.09,,-12.09,-12.09,4405740.0,4405740.0,4405740.0,4405740.0,,4405740.0,4405740.0,-0.37,-0.37,-0.37,-0.37,,-0.37,-0.37,,,,,,,,55655343.0,55655343.0,55655343.0,55655343.0,,55655343.0,55655343.0,2018-02-26 14:00:00,585,903,8718,18289577372.0,452000474217.0,0.06634257729916376
66,239570250.0,polymath-network,298480574.0,Polymath,67,POLY,0.00012141,0.00012141,0.00012141,0.00012141,,0.00012141,0.00012141,1.2459,1.2459,1.2459,1.2459,,1.2459,1.2459,0.36,0.36,0.36,0.36,,0.36,0.36,-21.07,-21.07,-21.07,-21.07,,-21.07,-21.07,1543820.0,1543820.0,1543820.0,1543820.0,,1543820.0,1543820.0,3.39,3.39,3.39,3.39,,3.39,3.39,,,,,,,,1000000000.0,1000000000.0,1000000000.0,1000000000.0,,1000000000.0,1000000000.0,2018-02-26 14:00:00,585,903,8718,18289577372.0,452000474217.0,0.06603545593996503
67,250000000.0,aelf,296165000.0,aelf,68,ELF,0.00011544,0.00011544,0.00011544,0.00011544,,0.00011544,0.00011544,1.18466,1.18466,1.18466,1.18466,,1.18466,1.18466,1.52,1.52,1.52,1.52,,1.52,1.52,-23.36,-23.36,-23.36,-23.36,,-23.36,-23.36,12582000.0,12582000.0,12582000.0,12582000.0,,12582000.0,12582000.0,-0.08,-0.08,-0.08,-0.08,,-0.08,-0.08,1000000000.0,1000000000.0,1000000000.0,1000000000.0,,1000000000.0,1000000000.0,280000000.0,280000000.0,280000000.0,280000000.0,,280000000.0,280000000.0,2018-02-26 14:00:00,585,903,8718,18289577372.0,452000474217.0,0.06552316134469689
68,28767715571.0,reddcoin,293850707.0,ReddCoin,69,RDD,1e-06,1e-06,1e-06,1e-06,,1e-06,1e-06,0.0102146,0.0102146,0.0102146,0.0102146,,0.0102146,0.0102146,-0.15,-0.15,-0.15,-0.15,,-0.15,-0.15,31.89,31.89,31.89,31.89,,31.89,31.89,32094300.0,32094300.0,32094300.0,32094300.0,,32094300.0,32094300.0,2.62,2.62,2.62,2.62,,2.62,2.62,,,,,,,,28767715571.0,28767715571.0,28767715571.0,28767715571.0,,28767715571.0,28767715571.0,2018-02-26 14:00:00,585,903,8718,18289577372.0,452000474217.0,0.06501115015621108
69,350000000.0,qash,292876500.0,QASH,70,QASH,8.154e-05,8.154e-05,8.154e-05,8.154e-05,,8.154e-05,8.154e-05,0.83679,0.83679,0.83679,0.83679,,0.83679,0.83679,0.38,0.38,0.38,0.38,,0.38,0.38,-18.34,-18.34,-18.34,-18.34,,-18.34,-18.34,2996100.0,2996100.0,2996100.0,2996100.0,,2996100.0,2996100.0,5.29,5.29,5.29,5.29,,5.29,5.29,,,,,,,,1000000000.0,1000000000.0,1000000000.0,1000000000.0,,1000000000.0,1000000000.0,2018-02-26 14:00:00,585,903,8718,18289577372.0,452000474217.0,0.06479561786021347
70,35500000.0,nebulas-token,290970070.0,Nebulas,71,NAS,0.00079869,0.00079869,0.00079869,0.00079869,,0.00079869,0.00079869,8.19634,8.19634,8.19634,8.19634,,8.19634,8.19634,2.59,2.59,2.59,2.59,,2.59,2.59,-10.76,-10.76,-10.76,-10.76,,-10.76,-10.76,7256460.0,7256460.0,7256460.0,7256460.0,,7256460.0,7256460.0,8.07,8.07,8.07,8.07,,8.07,8.07,100000000.0,100000000.0,100000000.0,100000000.0,,100000000.0,100000000.0,100000000.0,100000000.0,100000000.0,100000000.0,,100000000.0,100000000.0,2018-02-26 14:00:00,585,903,8718,18289577372.0,452000474217.0,0.06437384175404842
71,8745102.0,factom,286347871.0,Factom,72,FCT,0.00319071,0.00319071,0.00319071,0.00319071,,0.00319071,0.00319071,32.7438,32.7438,32.7438,32.7438,,32.7438,32.7438,1.99,1.99,1.99,1.99,,1.99,1.99,-1.85,-1.85,-1.85,-1.85,,-1.85,-1.85,2992560.0,2992560.0,2992560.0,2992560.0,,2992560.0,2992560.0,17.18,17.18,17.18,17.18,,17.18,17.18,,,,,,,,8745102.0,8745102.0,8745102.0,8745102.0,,8745102.0,8745102.0,2018-02-26 14:00:00,585,903,8718,18289577372.0,452000474217.0,0.06335123242869162
72,645222.0,byteball,283976420.0,Byteball Bytes,73,GBYTE,0.0428876,0.0428876,0.0428876,0.0428876,,0.0428876,0.0428876,440.122,440.122,440.122,440.122,,440.122,440.122,0.77,0.77,0.77,0.77,,0.77,0.77,-29.46,-29.46,-29.46,-29.46,,-29.46,-29.46,701081.0,701081.0,701081.0,701081.0,,701081.0,701081.0,2.97,2.97,2.97,2.97,,2.97,2.97,,,,,,,,1000000.0,1000000.0,1000000.0,1000000.0,,1000000.0,1000000.0,2018-02-26 14:00:00,585,903,8718,18289577372.0,452000474217.0,0.06282657567825169
73,134132697.0,kyber-network,272867487.0,Kyber Network,74,KNC,0.00019823,0.00019823,0.00019823,0.00019823,,0.00019823,0.00019823,2.03431,2.03431,2.03431,2.03431,,2.03431,2.03431,1.26,1.26,1.26,1.26,,1.26,1.26,-22.14,-22.14,-22.14,-22.14,,-22.14,-22.14,2664790.0,2664790.0,2664790.0,2664790.0,,2664790.0,2664790.0,5.12,5.12,5.12,5.12,,5.12,5.12,,,,,,,,215625349.0,215625349.0,215625349.0,215625349.0,,215625349.0,215625349.0,2018-02-26 14:00:00,585,903,8718,18289577372.0,452000474217.0,0.06036884971695839
74,325226613094.0,dentacoin,268508393.0,Dentacoin,75,DCN,8e-08,8e-08,8e-08,8e-08,,8e-08,8e-08,0.000825604,0.000825604,0.000825604,0.000825604,,0.000825604,0.000825604,2.46,2.46,2.46,2.46,,2.46,2.46,-18.73,-18.73,-18.73,-18.73,,-18.73,-18.73,155088.0,155088.0,155088.0,155088.0,,155088.0,155088.0,4.58,4.58,4.58,4.58,,4.58,4.58,8000000000000.0,8000000000000.0,8000000000000.0,8000000000000.0,,8000000000000.0,8000000000000.0,1963173416169.0,1963173416169.0,1963173416169.0,1963173416169.0,,1963173416169.0,1963173416169.0,2018-02-26 14:00:00,585,903,8718,18289577372.0,452000474217.0,0.05940444940132791
75,75807919.0,ethos,263546989.0,Ethos,76,ETHOS,0.00033877,0.00033877,0.00033877,0.00033877,,0.00033877,0.00033877,3.47651,3.47651,3.47651,3.47651,,3.47651,3.47651,1.84,1.84,1.84,1.84,,1.84,1.84,-16.13,-16.13,-16.13,-16.13,,-16.13,-16.13,1342260.0,1342260.0,1342260.0,1342260.0,,1342260.0,1342260.0,9.3,9.3,9.3,9.3,,9.3,9.3,,,,,,,,222295208.0,222295208.0,222295208.0,222295208.0,,222295208.0,222295208.0,2018-02-26 14:00:00,585,903,8718,18289577372.0,452000474217.0,0.05830679480072277
76,11771106.0,bitcore,249732251.0,Bitcore,77,BTX,0.00206736,0.00206736,0.00206736,0.00206736,,0.00206736,0.00206736,21.2157,21.2157,21.2157,21.2157,,21.2157,21.2157,1.16,1.16,1.16,1.16,,1.16,1.16,-21.94,-21.94,-21.94,-21.94,,-21.94,-21.94,1499270.0,1499270.0,1499270.0,1499270.0,,1499270.0,1499270.0,-2.84,-2.84,-2.84,-2.84,,-2.84,-2.84,21000000.0,21000000.0,21000000.0,21000000.0,,21000000.0,21000000.0,16825094.0,16825094.0,16825094.0,16825094.0,,16825094.0,16825094.0,2018-02-26 14:00:00,585,903,8718,18289577372.0,452000474217.0,0.055250440042703707
77,60000000.0,gxshares,244831800.0,GXShares,78,GXS,0.00039763,0.00039763,0.00039763,0.00039763,,0.00039763,0.00039763,4.08053,4.08053,4.08053,4.08053,,4.08053,4.08053,0.53,0.53,0.53,0.53,,0.53,0.53,-17.68,-17.68,-17.68,-17.68,,-17.68,-17.68,6909630.0,6909630.0,6909630.0,6909630.0,,6909630.0,6909630.0,4.14,4.14,4.14,4.14,,4.14,4.14,100000000.0,100000000.0,100000000.0,100000000.0,,100000000.0,100000000.0,100000000.0,100000000.0,100000000.0,100000000.0,,100000000.0,100000000.0,2018-02-26 14:00:00,585,903,8718,18289577372.0,452000474217.0,0.05416627060494171
78,6794109922.0,iostoken,241794899.0,IOStoken,79,IOST,3.47e-06,3.47e-06,3.47e-06,3.47e-06,,3.47e-06,3.47e-06,0.0355889,0.0355889,0.0355889,0.0355889,,0.0355889,0.0355889,2.35,2.35,2.35,2.35,,2.35,2.35,-25.78,-25.78,-25.78,-25.78,,-25.78,-25.78,32754500.0,32754500.0,32754500.0,32754500.0,,32754500.0,32754500.0,4.95,4.95,4.95,4.95,,4.95,4.95,,,,,,,,21000000000.0,21000000000.0,21000000000.0,21000000000.0,,21000000000.0,21000000000.0,2018-02-26 14:00:00,585,903,8718,18289577372.0,452000474217.0,0.05349439055763405
79,350000000.0,chainlink,240021950.0,ChainLink,80,LINK,6.683e-05,6.683e-05,6.683e-05,6.683e-05,,6.683e-05,6.683e-05,0.685777,0.685777,0.685777,0.685777,,0.685777,0.685777,-0.76,-0.76,-0.76,-0.76,,-0.76,-0.76,-15.02,-15.02,-15.02,-15.02,,-15.02,-15.02,4944390.0,4944390.0,4944390.0,4944390.0,,4944390.0,4944390.0,2.22,2.22,2.22,2.22,,2.22,2.22,,,,,,,,1000000000.0,1000000000.0,1000000000.0,1000000000.0,,1000000000.0,1000000000.0,2018-02-26 14:00:00,585,903,8718,18289577372.0,452000474217.0,0.05310214561517658
80,54237689.0,salt,236591309.0,SALT,81,SALT,0.00042507,0.00042507,0.00042507,0.00042507,,0.00042507,0.00042507,4.36212,4.36212,4.36212,4.36212,,4.36212,4.36212,3.06,3.06,3.06,3.06,,3.06,3.06,-10.06,-10.06,-10.06,-10.06,,-10.06,-10.06,6129760.0,6129760.0,6129760.0,6129760.0,,6129760.0,6129760.0,3.66,3.66,3.66,3.66,,3.66,3.66,,,,,,,,120000000.0,120000000.0,120000000.0,120000000.0,,120000000.0,120000000.0,2018-02-26 14:00:00,585,903,8718,18289577372.0,452000474217.0,0.05234315503979214
81,4503688789.0,funfair,233862147.0,FunFair,82,FUN,5.06e-06,5.06e-06,5.06e-06,5.06e-06,,5.06e-06,5.06e-06,0.0519268,0.0519268,0.0519268,0.0519268,,0.0519268,0.0519268,0.88,0.88,0.88,0.88,,0.88,0.88,-16.48,-16.48,-16.48,-16.48,,-16.48,-16.48,1745260.0,1745260.0,1745260.0,1745260.0,,1745260.0,1745260.0,1.53,1.53,1.53,1.53,,1.53,1.53,,,,,,,,10999873621.0,10999873621.0,10999873621.0,10999873621.0,,10999873621.0,10999873621.0,2018-02-26 14:00:00,585,903,8718,18289577372.0,452000474217.0,0.051739358770611726
82,363932644.0,power-ledger,223055409.0,Power Ledger,83,POWR,5.972e-05,5.972e-05,5.972e-05,5.972e-05,,5.972e-05,5.972e-05,0.612903,0.612903,0.612903,0.612903,,0.612903,0.612903,-0.42,-0.42,-0.42,-0.42,,-0.42,-0.42,-21.91,-21.91,-21.91,-21.91,,-21.91,-21.91,4160550.0,4160550.0,4160550.0,4160550.0,,4160550.0,4160550.0,6.31,6.31,6.31,6.31,,6.31,6.31,,,,,,,,1000000000.0,1000000000.0,1000000000.0,1000000000.0,,1000000000.0,1000000000.0,2018-02-26 14:00:00,585,903,8718,18289577372.0,452000474217.0,0.04934849004005995
83,4189919.0,zcoin,219665698.0,ZCoin,84,XZC,0.00510876,0.00510876,0.00510876,0.00510876,,0.00510876,0.00510876,52.4272,52.4272,52.4272,52.4272,,52.4272,52.4272,2.98,2.98,2.98,2.98,,2.98,2.98,-20.26,-20.26,-20.26,-20.26,,-20.26,-20.26,4585730.0,4585730.0,4585730.0,4585730.0,,4585730.0,4585730.0,4.32,4.32,4.32,4.32,,4.32,4.32,,,,,,,,4189919.0,4189919.0,4189919.0,4189919.0,,4189919.0,4189919.0,2018-02-26 14:00:00,585,903,8718,18289577372.0,452000474217.0,0.04859855476490964
84,998999942.0,nxt,212490285.0,Nxt,85,NXT,2.073e-05,2.073e-05,2.073e-05,2.073e-05,,2.073e-05,2.073e-05,0.212703,0.212703,0.212703,0.212703,,0.212703,0.212703,0.49,0.49,0.49,0.49,,0.49,0.49,-19.69,-19.69,-19.69,-19.69,,-19.69,-19.69,3664550.0,3664550.0,3664550.0,3664550.0,,3664550.0,3664550.0,3.1,3.1,3.1,3.1,,3.1,3.1,1000000000.0,1000000000.0,1000000000.0,1000000000.0,,1000000000.0,1000000000.0,998999942.0,998999942.0,998999942.0,998999942.0,,998999942.0,998999942.0,2018-02-26 14:00:00,585,903,8718,18289577372.0,452000474217.0,0.047011075678205144
85,756097560976.0,kin,200636537.0,Kin,86,KIN,3e-08,3e-08,3e-08,3e-08,,3e-08,3e-08,0.000265358,0.000265358,0.000265358,0.000265358,,0.000265358,0.000265358,-0.25,-0.25,-0.25,-0.25,,-0.25,-0.25,-17.43,-17.43,-17.43,-17.43,,-17.43,-17.43,498511.0,498511.0,498511.0,498511.0,,498511.0,498511.0,-4.68,-4.68,-4.68,-4.68,,-4.68,-4.68,,,,,,,,10000000000000.0,10000000000000.0,10000000000000.0,10000000000000.0,,10000000000000.0,10000000000000.0,2018-02-26 14:00:00,585,903,8718,18289577372.0,452000474217.0,0.04438856781014721
86,227384800.0,pillar,200254383.0,Pillar,87,PLR,8.582e-05,8.582e-05,8.582e-05,8.582e-05,,8.582e-05,8.582e-05,0.880685,0.880685,0.880685,0.880685,,0.880685,0.880685,1.7,1.7,1.7,1.7,,1.7,1.7,-25.09,-25.09,-25.09,-25.09,,-25.09,-25.09,313970.0,313970.0,313970.0,313970.0,,313970.0,313970.0,7.6,7.6,7.6,7.6,,7.6,7.6,,,,,,,,800000000.0,800000000.0,800000000.0,800000000.0,,800000000.0,800000000.0,2018-02-26 14:00:00,585,903,8718,18289577372.0,452000474217.0,0.044304020553717446
87,1445976590.0,cindicator,199303291.0,Cindicator,88,CND,1.343e-05,1.343e-05,1.343e-05,1.343e-05,,1.343e-05,1.343e-05,0.137833,0.137833,0.137833,0.137833,,0.137833,0.137833,2.53,2.53,2.53,2.53,,2.53,2.53,-21.02,-21.02,-21.02,-21.02,,-21.02,-21.02,2274630.0,2274630.0,2274630.0,2274630.0,,2274630.0,2274630.0,3.71,3.71,3.71,3.71,,3.71,3.71,,,,,,,,2000000005.0,2000000005.0,2000000005.0,2000000005.0,,2000000005.0,2000000005.0,2018-02-26 14:00:00,585,903,8718,18289577372.0,452000474217.0,0.04409360219040763
88,39074322.0,bancor,197303834.0,Bancor,89,BNT,0.00049204,0.00049204,0.00049204,0.00049204,,0.00049204,0.00049204,5.04945,5.04945,5.04945,5.04945,,5.04945,5.04945,-0.04,-0.04,-0.04,-0.04,,-0.04,-0.04,-10.81,-10.81,-10.81,-10.81,,-10.81,-10.81,5500210.0,5500210.0,5500210.0,5500210.0,,5500210.0,5500210.0,5.03,5.03,5.03,5.03,,5.03,5.03,,,,,,,,74607565.0,74607565.0,74607565.0,74607565.0,,74607565.0,74607565.0,2018-02-26 14:00:00,585,903,8718,18289577372.0,452000474217.0,0.043651244911145116
89,8883489.0,particl,197137943.0,Particl,90,PART,0.00216245,0.00216245,0.00216245,0.00216245,,0.00216245,0.00216245,22.1915,22.1915,22.1915,22.1915,,22.1915,22.1915,1.01,1.01,1.01,1.01,,1.01,1.01,-17.33,-17.33,-17.33,-17.33,,-17.33,-17.33,98569.5,98569.5,98569.5,98569.5,,98569.5,98569.5,2.99,2.99,2.99,2.99,,2.99,2.99,,,,,,,,8883489.0,8883489.0,8883489.0,8883489.0,,8883489.0,8883489.0,2018-02-26 14:00:00,585,903,8718,18289577372.0,452000474217.0,0.043614543400978034
90,641462769.0,request-network,196311341.0,Request Network,91,REQ,2.982e-05,2.982e-05,2.982e-05,2.982e-05,,2.982e-05,2.982e-05,0.306037,0.306037,0.306037,0.306037,,0.306037,0.306037,0.53,0.53,0.53,0.53,,0.53,0.53,-6.57,-6.57,-6.57,-6.57,,-6.57,-6.57,3253380.0,3253380.0,3253380.0,3253380.0,,3253380.0,3253380.0,3.25,3.25,3.25,3.25,,3.25,3.25,,,,,,,,999999999.0,999999999.0,999999999.0,999999999.0,,999999999.0,999999999.0,2018-02-26 14:00:00,585,903,8718,18289577372.0,452000474217.0,0.04343166704417068
91,74836171.0,enigma-project,192403048.0,Enigma,92,ENG,0.00025053,0.00025053,0.00025053,0.00025053,,0.00025053,0.00025053,2.57099,2.57099,2.57099,2.57099,,2.57099,2.57099,1.16,1.16,1.16,1.16,,1.16,1.16,-18.79,-18.79,-18.79,-18.79,,-18.79,-18.79,4728830.0,4728830.0,4728830.0,4728830.0,,4728830.0,4728830.0,6.78,6.78,6.78,6.78,,6.78,6.78,,,,,,,,150000000.0,150000000.0,150000000.0,150000000.0,,150000000.0,150000000.0,2018-02-26 14:00:00,585,903,8718,18289577372.0,452000474217.0,0.04256700135841663
92,12852664.0,neblio,182917826.0,Neblio,93,NEBL,0.00138682,0.00138682,0.00138682,0.00138682,,0.00138682,0.00138682,14.2319,14.2319,14.2319,14.2319,,14.2319,14.2319,0.3,0.3,0.3,0.3,,0.3,0.3,-24.82,-24.82,-24.82,-24.82,,-24.82,-24.82,5002040.0,5002040.0,5002040.0,5002040.0,,5002040.0,5002040.0,5.99,5.99,5.99,5.99,,5.99,5.99,,,,,,,,13602536.0,13602536.0,13602536.0,13602536.0,,13602536.0,13602536.0,2018-02-26 14:00:00,585,903,8718,18289577372.0,452000474217.0,0.04046850311758375
93,460552782.0,singularitynet,178841396.0,SingularityNET,94,AGI,3.784e-05,3.784e-05,3.784e-05,3.784e-05,,3.784e-05,3.784e-05,0.388319,0.388319,0.388319,0.388319,,0.388319,0.388319,5.33,5.33,5.33,5.33,,5.33,5.33,5.54,5.54,5.54,5.54,,5.54,5.54,2528790.0,2528790.0,2528790.0,2528790.0,,2528790.0,2528790.0,19.76,19.76,19.76,19.76,,19.76,19.76,,,,,,,,1000000000.0,1000000000.0,1000000000.0,1000000000.0,,1000000000.0,1000000000.0,2018-02-26 14:00:00,585,903,8718,18289577372.0,452000474217.0,0.03956663901952908
94,738038409.0,smartcash,177428124.0,SmartCash,95,SMART,2.343e-05,2.343e-05,2.343e-05,2.343e-05,,2.343e-05,2.343e-05,0.240405,0.240405,0.240405,0.240405,,0.240405,0.240405,5.9,5.9,5.9,5.9,,5.9,5.9,-16.88,-16.88,-16.88,-16.88,,-16.88,-16.88,210386.0,210386.0,210386.0,210386.0,,210386.0,210386.0,6.41,6.41,6.41,6.41,,6.41,6.41,5000000000.0,5000000000.0,5000000000.0,5000000000.0,,5000000000.0,5000000000.0,1339082688.0,1339082688.0,1339082688.0,1339082688.0,,1339082688.0,1339082688.0,2018-02-26 14:00:00,585,903,8718,18289577372.0,452000474217.0,0.03925396855110796
95,43100700.0,vertcoin,172968712.0,Vertcoin,96,VTC,0.00039106,0.00039106,0.00039106,0.00039106,,0.00039106,0.00039106,4.01313,4.01313,4.01313,4.01313,,4.01313,4.01313,0.36,0.36,0.36,0.36,,0.36,0.36,-7.87,-7.87,-7.87,-7.87,,-7.87,-7.87,2191000.0,2191000.0,2191000.0,2191000.0,,2191000.0,2191000.0,12.41,12.41,12.41,12.41,,12.41,12.41,84000000.0,84000000.0,84000000.0,84000000.0,,84000000.0,84000000.0,43100700.0,43100700.0,43100700.0,43100700.0,,43100700.0,43100700.0,2018-02-26 14:00:00,585,903,8718,18289577372.0,452000474217.0,0.038267374010975
96,104661310.0,tenx,167521939.0,TenX,97,PAY,0.00015597,0.00015597,0.00015597,0.00015597,,0.00015597,0.00015597,1.60061,1.60061,1.60061,1.60061,,1.60061,1.60061,-0.81,-0.81,-0.81,-0.81,,-0.81,-0.81,-22.04,-22.04,-22.04,-22.04,,-22.04,-22.04,1737630.0,1737630.0,1737630.0,1737630.0,,1737630.0,1737630.0,8.47,8.47,8.47,8.47,,8.47,8.47,,,,,,,,205218256.0,205218256.0,205218256.0,205218256.0,,205218256.0,205218256.0,2018-02-26 14:00:00,585,903,8718,18289577372.0,452000474217.0,0.03706233700090649
97,452552412.0,maidsafecoin,166838425.0,MaidSafeCoin,98,MAID,3.592e-05,3.592e-05,3.592e-05,3.592e-05,,3.592e-05,3.592e-05,0.368661,0.368661,0.368661,0.368661,,0.368661,0.368661,1.1,1.1,1.1,1.1,,1.1,1.1,-21.36,-21.36,-21.36,-21.36,,-21.36,-21.36,2525990.0,2525990.0,2525990.0,2525990.0,,2525990.0,2525990.0,6.59,6.59,6.59,6.59,,6.59,6.59,,,,,,,,452552412.0,452552412.0,452552412.0,452552412.0,,452552412.0,452552412.0,2018-02-26 14:00:00,585,903,8718,18289577372.0,452000474217.0,0.036911117248054674
98,617314171.0,quantstamp,162148679.0,Quantstamp,99,QSP,2.56e-05,2.56e-05,2.56e-05,2.56e-05,,2.56e-05,2.56e-05,0.262668,0.262668,0.262668,0.262668,,0.262668,0.262668,1.16,1.16,1.16,1.16,,1.16,1.16,-19.69,-19.69,-19.69,-19.69,,-19.69,-19.69,2313580.0,2313580.0,2313580.0,2313580.0,,2313580.0,2313580.0,4.53,4.53,4.53,4.53,,4.53,4.53,,,,,,,,976442388.0,976442388.0,976442388.0,976442388.0,,976442388.0,976442388.0,2018-02-26 14:00:00,585,903,8718,18289577372.0,452000474217.0,0.03587356391182775
99,492954537.0,wax,158936923.0,WAX,100,WAX,3.142e-05,3.142e-05,3.142e-05,3.142e-05,,3.142e-05,3.142e-05,0.322417,0.322417,0.322417,0.322417,,0.322417,0.322417,2.23,2.23,2.23,2.23,,2.23,2.23,-21.6,-21.6,-21.6,-21.6,,-21.6,-21.6,11284200.0,11284200.0,11284200.0,11284200.0,,11284200.0,11284200.0,-0.46,-0.46,-0.46,-0.46,,-0.46,-0.46,,,,,,,,1850000000.0,1850000000.0,1850000000.0,1850000000.0,,1850000000.0,1850000000.0,2018-02-26 14:00:00,585,903,8718,18289577372.0,452000474217.0,0.03516299917059297
